protocol,proxy_address,latency_ms,ssl_support,country,anonymity,source,last_tested
http,68.185.57.66:80,56,False,N/A,N/A,free-proxy-list.net,2025-06-17T15:10:01
http,66.191.31.158:80,104,False,N/A,N/A,free-proxy-list.net,2025-06-17T15:10:01
http,23.237.210.82:80,129,False,N/A,N/A,ProxyScrape,2025-06-17T15:09:34
http,50.122.86.118:80,245,False,N/A,N/A,free-proxy-list.net,2025-06-17T15:10:00
http,32.223.6.94:80,278,False,N/A,N/A,free-proxy-list.net,2025-06-17T15:10:00
http,23.247.136.254:80,305,False,N/A,N/A,free-proxy-list.net,2025-06-17T14:56:35
http,211.128.96.206:80,387,False,N/A,N/A,free-proxy-list.net,2025-06-17T15:10:01
http,4.156.78.45:80,393,False,N/A,N/A,GeonodeAPI,2025-06-17T15:10:13
socks4,199.102.105.242:4145,411,False,N/A,N/A,TheSpeedX-GitHub,2025-06-17T15:14:27
http,103.138.145.34:80,424,False,N/A,N/A,ProxyScrape,2025-06-17T15:09:38
http,188.234.158.66:80,461,False,N/A,N/A,ProxyScrape,2025-06-17T15:09:39
http,190.58.248.86:80,500,False,N/A,N/A,free-proxy-list.net,2025-06-17T15:10:00
socks4,72.195.34.60:27391,582,False,N/A,N/A,TheSpeedX-GitHub,2025-06-17T15:13:24
http,213.143.113.82:80,611,False,N/A,N/A,free-proxy-list.net,2025-06-17T15:10:00
socks4,184.181.217.210:4145,685,False,N/A,N/A,TheSpeedX-GitHub,2025-06-17T15:13:49
socks4,192.111.129.145:16894,731,False,N/A,N/A,Jetkai-GitHub,2025-06-17T15:11:56
socks4,98.188.47.132:4145,756,False,N/A,N/A,TheSpeedX-GitHub,2025-06-17T15:13:33
socks4,68.1.210.189:4145,756,False,N/A,N/A,ProxyScrape,2025-06-17T14:56:55
socks4,174.77.111.198:49547,759,False,N/A,N/A,Jetkai-GitHub,2025-06-17T15:11:40
socks4,199.102.107.145:4145,760,False,N/A,N/A,ProxyScrape,2025-06-17T15:10:15
socks4,72.37.217.3:4145,767,False,N/A,N/A,ProxyScrape,2025-06-17T14:56:52
socks4,31.131.199.127:3629,831,False,N/A,N/A,Jetkai-GitHub,2025-06-17T15:10:54
http,123.140.160.59:5031,837,False,N/A,N/A,free-proxy-list.net,2025-06-17T15:10:00
socks5,107.181.161.81:4145,864,False,N/A,N/A,Jetkai-GitHub,2025-06-17T15:10:41
socks5,208.102.51.6:58208,891,False,N/A,N/A,Jetkai-GitHub,2025-06-17T15:12:06
socks4,179.27.86.36:4153,904,False,N/A,N/A,TheSpeedX-GitHub,2025-06-17T15:14:17
http,114.236.137.41:22000,912,False,N/A,N/A,ProxyScrape,2025-06-17T14:56:15
socks4,190.109.72.17:33633,1002,False,N/A,N/A,TheSpeedX-GitHub,2025-06-17T15:13:35
socks4,24.37.245.42:51056,1073,False,N/A,N/A,ProxyScrape,2025-06-17T14:56:55
socks4,142.54.228.193:4145,1090,False,N/A,N/A,GeonodeAPI,2025-06-17T15:14:49
socks4,184.170.249.65:4145,1111,False,N/A,N/A,Jetkai-GitHub,2025-06-17T15:11:47
socks4,184.170.248.5:4145,1121,False,N/A,N/A,Jetkai-GitHub,2025-06-17T15:11:47
socks4,184.178.172.25:15291,1136,False,N/A,N/A,Jetkai-GitHub,2025-06-17T15:11:48
http,193.30.122.197:80,1144,False,N/A,N/A,free-proxy-list.net,2025-06-17T15:10:00
socks4,162.253.68.97:4145,1175,False,N/A,N/A,ProxyScrape,2025-06-17T15:10:17
socks4,192.111.139.165:4145,1179,False,N/A,N/A,ProxyScrape,2025-06-17T15:10:22
http,123.141.181.49:5031,1190,False,N/A,N/A,free-proxy-list.net,2025-06-17T15:10:00
socks4,199.187.210.54:4145,1194,False,N/A,N/A,ProxyScrape,2025-06-17T15:10:18
socks4,184.178.172.5:15303,1204,False,N/A,N/A,TheSpeedX-GitHub,2025-06-17T15:14:32
socks4,192.111.130.5:17002,1204,False,N/A,N/A,Jetkai-GitHub,2025-06-17T15:11:56
socks4,213.14.32.66:4153,1214,False,N/A,N/A,TheSpeedX-GitHub,2025-06-17T15:13:24
http,113.108.13.120:4433,1292,False,N/A,N/A,ProxyScrape,2025-06-17T15:09:38
socks4,142.54.235.9:4145,1309,False,N/A,N/A,GeonodeAPI,2025-06-17T15:14:49
socks5,192.111.137.35:4145,1314,False,N/A,N/A,Jetkai-GitHub,2025-06-17T15:11:57
socks5,138.68.21.132:45793,1320,False,N/A,N/A,TheSpeedX-GitHub,2025-06-17T15:14:00
socks4,85.89.184.87:5678,1327,False,N/A,N/A,TheSpeedX-GitHub,2025-06-17T15:14:00
socks5,170.106.151.187:42576,1353,False,N/A,N/A,TheSpeedX-GitHub,2025-06-17T15:12:32
socks4,199.116.114.11:4145,1356,False,N/A,N/A,ProxyScrape,2025-06-17T15:10:21
http,47.88.59.79:82,1373,False,N/A,N/A,TheSpeedX-GitHub,2025-06-17T15:08:23
socks5,104.200.135.46:4145,1381,False,N/A,N/A,Jetkai-GitHub,2025-06-17T15:10:41
socks4,74.62.23.242:39593,1402,False,N/A,N/A,GeonodeAPI,2025-06-17T15:15:03
socks4,72.214.108.67:4145,1411,False,N/A,N/A,ProxyScrape,2025-06-17T15:10:18
http,181.78.19.142:9992,1431,False,N/A,N/A,ProxyScrape,2025-06-17T14:56:15
socks4,67.201.59.70:4145,1443,False,N/A,N/A,ProxyScrape,2025-06-17T15:10:19
socks4,184.178.172.28:15294,1474,False,N/A,N/A,Jetkai-GitHub,2025-06-17T15:11:48
http,164.163.42.36:10000,1479,False,N/A,N/A,TheSpeedX-GitHub,2025-06-17T15:09:05
socks4,184.178.172.3:4145,1539,False,N/A,N/A,GeonodeAPI,2025-06-17T15:14:51
http,47.251.43.115:33333,1541,False,N/A,N/A,ProxyScrape,2025-06-17T15:09:35
socks4,192.111.138.29:4145,1548,False,N/A,N/A,ProxyScrape,2025-06-17T15:10:16
socks4,192.111.139.162:4145,1548,False,N/A,N/A,Jetkai-GitHub,2025-06-17T15:10:49
http,20.27.15.49:8561,1549,False,N/A,N/A,free-proxy-list.net,2025-06-17T14:56:38
socks4,206.220.175.2:4145,1559,False,N/A,N/A,Jetkai-GitHub,2025-06-17T15:12:06
socks4,192.252.215.5:16137,1576,False,N/A,N/A,TheSpeedX-GitHub,2025-06-17T15:13:37
socks4,72.49.49.11:31034,1603,False,N/A,N/A,TheSpeedX-GitHub,2025-06-17T15:13:45
socks4,121.200.60.122:4153,1603,False,N/A,N/A,Jetkai-GitHub,2025-06-17T15:11:32
socks4,66.42.224.229:41679,1636,False,N/A,N/A,Jetkai-GitHub,2025-06-17T15:11:05
socks4,198.8.94.174:39078,1715,False,N/A,N/A,ProxyScrape,2025-06-17T15:10:20
http,181.78.19.138:999,1754,False,N/A,N/A,ProxyScrape,2025-06-17T15:09:33
socks4,107.152.98.5:4145,1765,False,N/A,N/A,Jetkai-GitHub,2025-06-17T15:10:41
socks4,72.195.34.42:4145,1769,False,N/A,N/A,Jetkai-GitHub,2025-06-17T15:11:06
socks4,199.58.184.97:4145,1797,False,N/A,N/A,ProxyScrape,2025-06-17T15:10:20
socks4,70.166.167.38:57728,1797,False,N/A,N/A,ProxyScrape,2025-06-17T15:10:32
socks4,198.8.94.170:4145,1813,False,N/A,N/A,GeonodeAPI,2025-06-17T15:14:49
http,47.56.110.204:8989,1816,False,N/A,N/A,TheSpeedX-GitHub,2025-06-17T15:08:43
socks4,142.54.226.214:4145,1826,False,N/A,N/A,TheSpeedX-GitHub,2025-06-17T15:12:50
socks4,72.195.114.184:4145,1831,False,N/A,N/A,TheSpeedX-GitHub,2025-06-17T15:14:47
socks4,192.252.209.155:14455,1854,False,N/A,N/A,ProxyScrape,2025-06-17T14:56:47
http,138.199.233.152:80,1873,False,N/A,N/A,free-proxy-list.net,2025-06-17T15:10:00
socks4,142.54.231.38:4145,1889,False,N/A,N/A,TheSpeedX-GitHub,2025-06-17T15:13:17
socks4,72.195.34.58:4145,1912,False,N/A,N/A,ProxyScrape,2025-06-17T15:10:15
socks4,174.75.211.222:4145,1987,False,N/A,N/A,Jetkai-GitHub,2025-06-17T15:11:40
socks5,104.37.135.145:4145,1987,False,N/A,N/A,TheSpeedX-GitHub,2025-06-17T15:13:33
http,58.216.109.14:800,1989,False,N/A,N/A,ProxyScrape,2025-06-17T15:09:35
http,41.59.90.171:80,1991,False,N/A,N/A,TheSpeedX-GitHub,2025-06-17T15:09:11
http,51.81.245.3:17981,2004,False,N/A,N/A,ProxyScrape,2025-06-17T15:09:33
socks4,184.178.172.18:15280,2030,False,N/A,N/A,TheSpeedX-GitHub,2025-06-17T15:14:26
http,41.222.229.82:80,2041,False,N/A,N/A,ProxyScrape,2025-06-17T15:09:39
http,36.138.53.26:10019,2054,False,N/A,N/A,ProxyScrape,2025-06-17T15:09:39
socks4,184.181.217.220:4145,2066,False,N/A,N/A,Jetkai-GitHub,2025-06-17T15:11:48
socks5,72.195.34.59:4145,2097,False,N/A,N/A,Jetkai-GitHub,2025-06-17T15:11:06
socks4,184.178.172.26:4145,2100,False,N/A,N/A,Jetkai-GitHub,2025-06-17T15:11:48
socks4,187.44.211.118:4153,2106,False,N/A,N/A,ProxyScrape,2025-06-17T14:56:54
http,41.59.90.175:80,2110,False,N/A,N/A,ProxyScrape,2025-06-17T14:56:25
http,97.74.87.226:80,2120,False,N/A,N/A,free-proxy-list.net,2025-06-17T15:10:01
socks4,184.178.172.11:4145,2121,False,N/A,N/A,Jetkai-GitHub,2025-06-17T15:10:48
socks5,72.195.34.41:4145,2128,False,N/A,N/A,Jetkai-GitHub,2025-06-17T15:11:06
socks5,184.181.217.194:4145,2129,False,N/A,N/A,Jetkai-GitHub,2025-06-17T15:11:48
http,139.59.1.14:80,2131,False,N/A,N/A,ProxyScrape,2025-06-17T15:09:39
http,181.78.19.138:9992,2140,False,N/A,N/A,ProxyScrape,2025-06-17T15:09:36
http,218.75.224.4:3309,2156,False,N/A,N/A,ProxyScrape,2025-06-17T14:56:15
http,113.160.132.195:8080,2159,False,N/A,N/A,ProxyScrape,2025-06-17T14:56:25
http,91.103.120.39:80,2160,False,N/A,N/A,free-proxy-list.net,2025-06-17T14:56:35
http,119.3.113.151:9094,2164,False,N/A,N/A,ProxyScrape,2025-06-17T15:09:33
http,133.18.234.13:80,2167,False,N/A,N/A,GeonodeAPI,2025-06-17T15:10:14
socks4,70.166.167.55:57745,2199,False,N/A,N/A,Jetkai-GitHub,2025-06-17T15:11:06
http,208.87.243.199:7878,2201,False,N/A,N/A,ProxyScrape,2025-06-17T14:56:15
http,167.86.93.118:8069,2206,False,N/A,N/A,ProxyScrape,2025-06-17T14:56:15
socks4,166.62.53.45:45842,2247,False,N/A,N/A,TheSpeedX-GitHub,2025-06-17T15:14:02
http,221.231.13.198:1080,2258,False,N/A,N/A,ProxyScrape,2025-06-17T15:09:35
socks4,199.102.104.70:4145,2266,False,N/A,N/A,TheSpeedX-GitHub,2025-06-17T15:13:34
http,119.3.113.150:9094,2314,False,N/A,N/A,ProxyScrape,2025-06-17T15:09:35
socks4,58.18.39.58:10800,2346,False,N/A,N/A,ProxyScrape,2025-06-17T14:56:48
socks4,192.252.214.20:15864,2348,False,N/A,N/A,Jetkai-GitHub,2025-06-17T15:11:58
socks4,24.249.199.12:4145,2365,False,N/A,N/A,TheSpeedX-GitHub,2025-06-17T15:13:46
socks4,174.64.199.82:4145,2367,False,N/A,N/A,TheSpeedX-GitHub,2025-06-17T15:14:10
http,91.103.120.57:80,2377,False,N/A,N/A,free-proxy-list.net,2025-06-17T15:10:00
socks4,174.77.111.197:4145,2381,False,N/A,N/A,Jetkai-GitHub,2025-06-17T15:11:40
http,123.140.146.21:5031,2389,False,N/A,N/A,free-proxy-list.net,2025-06-17T14:56:35
socks5,184.170.245.148:4145,2402,False,N/A,N/A,Jetkai-GitHub,2025-06-17T15:11:47
socks4,68.71.249.153:48606,2414,False,N/A,N/A,Jetkai-GitHub,2025-06-17T15:11:05
http,167.86.92.137:8014,2465,False,N/A,N/A,ProxyScrape,2025-06-17T14:56:15
http,154.205.147.234:1081,2489,False,N/A,N/A,ProxyScrape,2025-06-17T14:56:14
socks5,192.111.139.163:19404,2521,False,N/A,N/A,Jetkai-GitHub,2025-06-17T15:11:57
socks4,166.62.121.102:45886,2521,False,N/A,N/A,TheSpeedX-GitHub,2025-06-17T15:14:08
http,168.138.50.91:80,2539,False,N/A,N/A,free-proxy-list.net,2025-06-17T15:10:00
http,123.140.160.69:5031,2549,False,N/A,N/A,free-proxy-list.net,2025-06-17T15:10:00
http,8.130.36.245:8002,2564,False,N/A,N/A,TheSpeedX-GitHub,2025-06-17T15:08:32
socks4,46.188.2.42:5678,2566,False,N/A,N/A,Jetkai-GitHub,2025-06-17T15:11:02
socks4,107.181.168.145:4145,2590,False,N/A,N/A,TheSpeedX-GitHub,2025-06-17T15:13:35
socks4,163.172.132.115:16379,2597,False,N/A,N/A,TheSpeedX-GitHub,2025-06-17T15:14:22
socks4,192.252.216.81:4145,2613,False,N/A,N/A,Jetkai-GitHub,2025-06-17T15:11:58
socks5,192.111.135.17:18302,2631,False,N/A,N/A,Jetkai-GitHub,2025-06-17T15:11:56
socks4,69.61.200.104:36181,2645,False,N/A,N/A,Jetkai-GitHub,2025-06-17T15:11:06
http,181.78.19.142:999,2649,False,N/A,N/A,ProxyScrape,2025-06-17T15:09:34
socks4,142.54.239.1:4145,2690,False,N/A,N/A,ProxyScrape,2025-06-17T15:10:17
socks4,95.178.108.189:5678,2694,False,N/A,N/A,Jetkai-GitHub,2025-06-17T15:11:15
socks4,184.178.172.17:4145,2719,False,N/A,N/A,Jetkai-GitHub,2025-06-17T15:10:48
http,82.102.10.253:80,2762,False,N/A,N/A,free-proxy-list.net,2025-06-17T15:10:01
socks4,202.51.103.154:5678,2770,False,N/A,N/A,Jetkai-GitHub,2025-06-17T15:12:04
http,218.77.183.214:5224,2812,False,N/A,N/A,ProxyScrape,2025-06-17T15:09:34
socks4,192.111.137.34:18765,2816,False,N/A,N/A,Jetkai-GitHub,2025-06-17T15:11:57
http,119.3.113.152:9094,2819,False,N/A,N/A,TheSpeedX-GitHub,2025-06-17T15:08:20
socks4,85.237.51.73:4145,2887,False,N/A,N/A,ProxyScrape,2025-06-17T15:10:22
socks4,174.77.111.196:4145,2888,False,N/A,N/A,ProxyScrape,2025-06-17T15:10:23
socks4,199.58.185.9:4145,2904,False,N/A,N/A,TheSpeedX-GitHub,2025-06-17T15:14:42
socks4,184.181.217.213:4145,2950,False,N/A,N/A,Jetkai-GitHub,2025-06-17T15:11:48
socks4,98.188.47.150:4145,2958,False,N/A,N/A,Jetkai-GitHub,2025-06-17T15:10:40
http,167.86.92.137:8031,3058,False,N/A,N/A,ProxyScrape,2025-06-17T14:56:15
http,36.138.53.26:10017,3084,False,N/A,N/A,ProxyScrape,2025-06-17T15:09:34
socks4,142.54.229.249:4145,3091,False,N/A,N/A,Jetkai-GitHub,2025-06-17T15:11:36
socks5,192.111.130.2:4145,3131,False,N/A,N/A,Jetkai-GitHub,2025-06-17T15:11:56
http,135.181.154.225:80,3154,False,N/A,N/A,ProxyScrape,2025-06-17T14:56:15
socks4,37.18.73.60:5566,3175,False,N/A,N/A,ProxyScrape,2025-06-17T15:10:17
socks4,142.54.236.97:4145,3175,False,N/A,N/A,Jetkai-GitHub,2025-06-17T15:11:36
socks4,192.111.137.37:18762,3256,False,N/A,N/A,Jetkai-GitHub,2025-06-17T15:11:57
socks5,184.178.172.23:4145,3308,False,N/A,N/A,Jetkai-GitHub,2025-06-17T15:10:48
socks4,8.212.165.164:3128,3327,False,N/A,N/A,ProxyScrape,2025-06-17T14:56:56
http,47.56.110.204:8990,3331,False,N/A,N/A,ProxyScrape,2025-06-17T15:09:37
socks4,98.178.72.21:10919,3359,False,N/A,N/A,ProxyScrape,2025-06-17T15:10:23
socks4,184.181.217.206:4145,3424,False,N/A,N/A,Jetkai-GitHub,2025-06-17T15:11:48
http,47.251.73.54:92,3503,False,N/A,N/A,TheSpeedX-GitHub,2025-06-17T15:08:02
http,47.251.73.54:888,3511,False,N/A,N/A,TheSpeedX-GitHub,2025-06-17T15:07:59
http,149.200.200.44:80,3528,False,N/A,N/A,free-proxy-list.net,2025-06-17T15:10:00
http,152.26.229.52:9443,3538,False,N/A,N/A,TheSpeedX-GitHub,2025-06-17T15:07:56
http,103.10.231.189:8080,3550,False,N/A,N/A,TheSpeedX-GitHub,2025-06-17T15:08:50
http,47.90.167.27:999,3585,False,N/A,N/A,ProxyScrape,2025-06-17T15:09:41
http,164.163.42.19:10000,3586,False,N/A,N/A,TheSpeedX-GitHub,2025-06-17T15:09:26
socks4,198.8.84.3:4145,3597,False,N/A,N/A,GeonodeAPI,2025-06-17T15:14:49
http,47.91.29.151:8080,3608,False,N/A,N/A,TheSpeedX-GitHub,2025-06-17T15:08:23
http,164.163.40.90:10000,3618,False,N/A,N/A,TheSpeedX-GitHub,2025-06-17T15:09:22
http,8.221.141.88:4002,3657,False,N/A,N/A,TheSpeedX-GitHub,2025-06-17T15:08:41
http,123.140.160.76:5031,3667,False,N/A,N/A,free-proxy-list.net,2025-06-17T14:56:35
http,47.90.149.238:31281,3668,False,N/A,N/A,TheSpeedX-GitHub,2025-06-17T15:08:02
http,8.221.141.88:1080,3680,False,N/A,N/A,TheSpeedX-GitHub,2025-06-17T15:08:02
http,121.43.146.222:9080,3687,False,N/A,N/A,TheSpeedX-GitHub,2025-06-17T15:14:29
http,200.174.198.86:8888,3697,False,N/A,N/A,TheSpeedX-GitHub,2025-06-17T15:08:54
socks4,181.129.74.58:30431,3702,False,N/A,N/A,TheSpeedX-GitHub,2025-06-17T15:13:48
socks4,192.252.220.92:17328,3705,False,N/A,N/A,TheSpeedX-GitHub,2025-06-17T15:14:25
socks4,141.94.70.195:46797,3713,False,N/A,N/A,TheSpeedX-GitHub,2025-06-17T15:14:16
socks4,41.242.69.196:5678,3731,False,N/A,N/A,ProxyScrape,2025-06-17T15:10:27
socks4,184.181.217.201:4145,3751,False,N/A,N/A,Jetkai-GitHub,2025-06-17T15:11:48
http,8.221.141.88:161,3755,False,N/A,N/A,TheSpeedX-GitHub,2025-06-17T15:08:15
socks4,68.1.210.163:4145,3819,False,N/A,N/A,Jetkai-GitHub,2025-06-17T15:11:05
http,8.209.96.245:193,3834,False,N/A,N/A,TheSpeedX-GitHub,2025-06-17T15:09:22
http,8.210.17.35:8004,3878,False,N/A,N/A,TheSpeedX-GitHub,2025-06-17T15:08:24
socks4,93.184.7.26:1080,3897,False,N/A,N/A,TheSpeedX-GitHub,2025-06-17T15:13:58
http,219.92.103.218:8080,3946,False,N/A,N/A,ProxyScrape,2025-06-17T14:56:15
http,8.211.195.139:18080,3969,False,N/A,N/A,TheSpeedX-GitHub,2025-06-17T15:08:01
http,171.234.119.2:5108,4000,False,N/A,N/A,ProxyScrape,2025-06-17T14:56:23
http,47.119.22.156:9098,4015,False,N/A,N/A,TheSpeedX-GitHub,2025-06-17T15:13:45
socks4,192.252.208.67:14287,4091,False,N/A,N/A,ProxyScrape,2025-06-17T15:10:16
socks4,8.211.51.115:80,4109,False,N/A,N/A,ProxyScrape,2025-06-17T14:56:46
http,47.251.73.54:90,4114,False,N/A,N/A,TheSpeedX-GitHub,2025-06-17T15:08:38
socks4,47.252.27.174:8058,4122,False,N/A,N/A,GeonodeAPI,2025-06-17T15:14:50
http,164.163.42.46:10000,4222,False,N/A,N/A,TheSpeedX-GitHub,2025-06-17T15:08:53
http,115.127.31.66:8080,4242,False,N/A,N/A,TheSpeedX-GitHub,2025-06-17T15:08:33
socks4,72.195.101.99:4145,4260,False,N/A,N/A,ProxyScrape,2025-06-17T15:10:16
socks4,184.185.2.12:4145,4293,False,N/A,N/A,ProxyScrape,2025-06-17T15:10:26
socks4,47.91.95.174:9002,4302,False,N/A,N/A,GeonodeAPI,2025-06-17T15:14:55
socks4,72.195.114.169:4145,4312,False,N/A,N/A,Jetkai-GitHub,2025-06-17T15:10:37
socks4,68.71.247.130:4145,4386,False,N/A,N/A,Jetkai-GitHub,2025-06-17T15:10:36
http,39.101.65.228:8080,4521,False,N/A,N/A,TheSpeedX-GitHub,2025-06-17T15:08:35
http,8.213.128.6:8889,4528,False,N/A,N/A,TheSpeedX-GitHub,2025-06-17T15:08:08
http,8.211.194.78:138,4582,False,N/A,N/A,TheSpeedX-GitHub,2025-06-17T15:08:22
http,46.47.197.210:3128,4631,False,N/A,N/A,free-proxy-list.net,2025-06-17T14:56:38
socks4,174.64.199.79:4145,4697,False,N/A,N/A,Jetkai-GitHub,2025-06-17T15:11:40
http,8.211.200.183:8008,4758,False,N/A,N/A,TheSpeedX-GitHub,2025-06-17T15:08:17
http,8.213.129.15:3128,4769,False,N/A,N/A,TheSpeedX-GitHub,2025-06-17T15:08:43
http,8.213.129.15:5060,4785,False,N/A,N/A,TheSpeedX-GitHub,2025-06-17T15:08:45
http,47.90.149.238:90,4830,False,N/A,N/A,TheSpeedX-GitHub,2025-06-17T15:08:30
http,8.209.96.245:9080,4834,False,N/A,N/A,TheSpeedX-GitHub,2025-06-17T15:08:33
http,47.238.130.212:8004,4865,False,N/A,N/A,TheSpeedX-GitHub,2025-06-17T15:09:00
http,8.130.36.245:808,4989,False,N/A,N/A,TheSpeedX-GitHub,2025-06-17T15:07:54
http,8.219.97.248:80,4996,False,N/A,N/A,free-proxy-list.net,2025-06-17T15:10:01
socks4,98.170.57.231:4145,4998,False,N/A,N/A,Jetkai-GitHub,2025-06-17T15:10:40
http,8.215.12.103:8001,5022,False,N/A,N/A,TheSpeedX-GitHub,2025-06-17T15:08:38
http,45.12.150.82:8080,5027,False,N/A,N/A,free-proxy-list.net,2025-06-17T15:10:02
http,8.213.129.20:3127,5079,False,N/A,N/A,TheSpeedX-GitHub,2025-06-17T15:08:05
socks4,24.249.199.4:4145,5130,False,N/A,N/A,Jetkai-GitHub,2025-06-17T15:10:53
socks4,184.178.172.14:4145,5242,False,N/A,N/A,Jetkai-GitHub,2025-06-17T15:11:48
socks4,45.115.1.14:5678,5294,False,N/A,N/A,ProxyScrape,2025-06-17T15:10:21
socks4,72.195.34.35:27360,5374,False,N/A,N/A,Jetkai-GitHub,2025-06-17T15:11:06
socks4,72.37.216.68:4145,5435,False,N/A,N/A,Jetkai-GitHub,2025-06-17T15:10:37
socks4,185.216.18.138:44550,5547,False,N/A,N/A,ProxyScrape,2025-06-17T14:56:45
http,154.65.39.8:80,5572,False,N/A,N/A,free-proxy-list.net,2025-06-17T15:10:13
socks4,103.124.137.251:1080,5591,False,N/A,N/A,TheSpeedX-GitHub,2025-06-17T15:13:40
socks4,182.53.216.73:4145,5638,False,N/A,N/A,TheSpeedX-GitHub,2025-06-17T15:13:56
socks4,118.174.143.38:4153,5721,False,N/A,N/A,Jetkai-GitHub,2025-06-17T15:11:31
socks4,199.102.106.94:4145,5741,False,N/A,N/A,ProxyScrape,2025-06-17T14:56:46
socks4,103.127.23.10:5678,5828,False,N/A,N/A,ProxyScrape,2025-06-17T14:57:00
socks4,177.131.29.210:4153,5869,False,N/A,N/A,Jetkai-GitHub,2025-06-17T15:11:42
http,115.127.98.18:58080,5872,False,N/A,N/A,free-proxy-list.net,2025-06-17T14:56:41
http,188.166.197.129:3128,5914,False,N/A,N/A,TheSpeedX-GitHub,2025-06-17T15:08:32
socks4,51.158.65.148:16379,5963,False,N/A,N/A,TheSpeedX-GitHub,2025-06-17T15:13:34
http,47.91.121.127:8888,6021,False,N/A,N/A,TheSpeedX-GitHub,2025-06-17T15:13:26
http,5.102.109.41:999,6053,False,N/A,N/A,ProxyScrape,2025-06-17T15:09:33
socks4,175.144.198.226:31694,6057,False,N/A,N/A,TheSpeedX-GitHub,2025-06-17T15:13:42
socks4,202.137.141.212:5678,6093,False,N/A,N/A,Jetkai-GitHub,2025-06-17T15:12:04
http,164.68.101.70:8888,6097,False,N/A,N/A,ProxyScrape,2025-06-17T14:56:15
socks4,1.20.227.66:4145,6106,False,N/A,N/A,Jetkai-GitHub,2025-06-17T15:10:51
http,8.213.197.208:9080,6208,False,N/A,N/A,TheSpeedX-GitHub,2025-06-17T15:08:23
http,77.105.137.42:8080,6227,False,N/A,N/A,free-proxy-list.net,2025-06-17T15:10:13
http,47.76.144.139:11,6335,False,N/A,N/A,TheSpeedX-GitHub,2025-06-17T15:08:09
http,219.65.73.81:80,6338,False,N/A,N/A,free-proxy-list.net,2025-06-17T14:56:35
http,47.109.83.196:8080,6351,False,N/A,N/A,TheSpeedX-GitHub,2025-06-17T15:09:06
socks4,197.232.43.224:1080,6380,False,N/A,N/A,Jetkai-GitHub,2025-06-17T15:12:00
http,8.215.3.250:104,6423,False,N/A,N/A,ProxyScrape,2025-06-17T15:09:35
http,8.211.194.85:4002,6476,False,N/A,N/A,TheSpeedX-GitHub,2025-06-17T15:08:06
http,47.90.205.231:33333,6509,False,N/A,N/A,free-proxy-list.net,2025-06-17T15:10:13
http,8.213.222.247:4002,6551,False,N/A,N/A,TheSpeedX-GitHub,2025-06-17T15:07:58
http,47.122.31.238:80,6551,False,N/A,N/A,TheSpeedX-GitHub,2025-06-17T15:08:14
http,8.213.134.213:1111,6597,False,N/A,N/A,TheSpeedX-GitHub,2025-06-17T15:08:43
http,8.211.49.86:20002,6630,False,N/A,N/A,TheSpeedX-GitHub,2025-06-17T15:08:01
http,47.238.128.246:9098,6637,False,N/A,N/A,TheSpeedX-GitHub,2025-06-17T15:08:08
http,8.219.229.53:80,6677,False,N/A,N/A,TheSpeedX-GitHub,2025-06-17T15:08:20
http,47.91.89.3:11,6751,False,N/A,N/A,TheSpeedX-GitHub,2025-06-17T15:08:54
socks4,149.129.255.179:9098,6811,False,N/A,N/A,ProxyScrape,2025-06-17T15:10:15
http,186.148.182.82:999,7005,False,N/A,N/A,TheSpeedX-GitHub,2025-06-17T15:08:28
http,34.81.72.31:80,7070,False,N/A,N/A,TheSpeedX-GitHub,2025-06-17T15:09:03
socks5,192.252.211.197:14921,7084,False,N/A,N/A,Jetkai-GitHub,2025-06-17T15:11:58
http,39.104.27.89:8001,7088,False,N/A,N/A,TheSpeedX-GitHub,2025-06-17T15:08:22
http,106.104.177.158:60808,7138,False,N/A,N/A,ProxyScrape,2025-06-17T14:56:15
http,103.188.169.160:7777,7177,False,N/A,N/A,ProxyScrape,2025-06-17T15:09:42
socks4,51.158.70.246:16379,7194,False,N/A,N/A,TheSpeedX-GitHub,2025-06-17T15:13:29
http,143.42.66.91:80,7260,False,N/A,N/A,free-proxy-list.net,2025-06-17T15:10:02
socks4,34.124.190.108:8080,7312,False,N/A,N/A,ProxyScrape,2025-06-17T15:10:17
http,8.213.128.6:4000,7447,False,N/A,N/A,TheSpeedX-GitHub,2025-06-17T15:08:04
http,47.238.134.126:81,7452,False,N/A,N/A,TheSpeedX-GitHub,2025-06-17T15:07:54
http,8.211.194.85:31433,7503,False,N/A,N/A,TheSpeedX-GitHub,2025-06-17T15:08:02
http,106.14.91.83:8443,7591,False,N/A,N/A,TheSpeedX-GitHub,2025-06-17T15:08:54
socks5,98.181.137.83:4145,7678,False,N/A,N/A,Jetkai-GitHub,2025-06-17T15:10:40
http,47.90.167.27:8081,7715,False,N/A,N/A,TheSpeedX-GitHub,2025-06-17T15:08:33
http,47.237.113.119:6379,7719,False,N/A,N/A,TheSpeedX-GitHub,2025-06-17T15:09:20
http,47.238.130.212:9050,7927,False,N/A,N/A,TheSpeedX-GitHub,2025-06-17T15:08:32
http,8.221.138.111:80,7996,False,N/A,N/A,TheSpeedX-GitHub,2025-06-17T15:08:02
http,47.74.46.81:5060,8421,False,N/A,N/A,TheSpeedX-GitHub,2025-06-17T15:08:03
http,47.254.36.213:999,8623,False,N/A,N/A,TheSpeedX-GitHub,2025-06-17T15:13:35
socks4,162.241.125.171:55804,8669,False,N/A,N/A,ProxyScrape,2025-06-17T14:56:55
socks4,83.218.186.22:5678,8757,False,N/A,N/A,Jetkai-GitHub,2025-06-17T15:11:10
http,192.73.244.36:80,8885,False,N/A,N/A,ProxyScrape,2025-06-17T15:09:43
http,8.210.17.35:9443,8901,False,N/A,N/A,TheSpeedX-GitHub,2025-06-17T15:08:03
socks4,119.15.89.87:5678,8919,False,N/A,N/A,Jetkai-GitHub,2025-06-17T15:11:31
socks4,67.206.213.202:55555,8930,False,N/A,N/A,ProxyScrape,2025-06-17T15:10:19
http,103.254.164.6:3128,8931,False,N/A,N/A,ProxyScrape,2025-06-17T15:09:35
socks4,142.54.232.6:4145,8950,False,N/A,N/A,TheSpeedX-GitHub,2025-06-17T15:13:54
socks4,98.170.57.249:4145,9030,False,N/A,N/A,Jetkai-GitHub,2025-06-17T15:10:40
socks4,183.88.247.52:4153,9253,False,N/A,N/A,TheSpeedX-GitHub,2025-06-17T15:14:12
http,8.211.200.183:1080,9489,False,N/A,N/A,TheSpeedX-GitHub,2025-06-17T15:08:03
http,78.80.228.150:80,9613,False,N/A,N/A,TheSpeedX-GitHub,2025-06-17T15:08:06
http,38.159.223.18:999,9687,False,N/A,N/A,TheSpeedX-GitHub,2025-06-17T15:08:13
http,123.140.160.65:5031,10058,False,N/A,N/A,free-proxy-list.net,2025-06-17T14:56:35
http,8.213.215.187:104,10126,False,N/A,N/A,TheSpeedX-GitHub,2025-06-17T15:08:33
socks5,103.189.218.83:6969,10156,False,N/A,N/A,TheSpeedX-GitHub,2025-06-17T15:12:17
socks4,103.12.246.57:4145,10209,False,N/A,N/A,ProxyScrape,2025-06-17T14:56:48
http,39.104.27.89:8004,10213,False,N/A,N/A,TheSpeedX-GitHub,2025-06-17T15:08:26
http,103.75.119.185:80,10315,False,N/A,N/A,free-proxy-list.net,2025-06-17T15:10:04
socks4,98.175.31.195:4145,10386,False,N/A,N/A,TheSpeedX-GitHub,2025-06-17T15:13:29
socks4,181.115.75.102:5678,10411,False,N/A,N/A,ProxyScrape,2025-06-17T15:10:25
http,8.220.136.174:12000,10966,False,N/A,N/A,TheSpeedX-GitHub,2025-06-17T15:08:52
http,8.210.17.35:8008,11012,False,N/A,N/A,TheSpeedX-GitHub,2025-06-17T15:08:23
http,51.75.206.209:80,11099,False,N/A,N/A,ProxyScrape,2025-06-17T14:56:16
http,34.143.162.66:443,11286,False,N/A,N/A,ProxyScrape,2025-06-17T14:56:15
socks4,103.95.97.43:4153,11489,False,N/A,N/A,ProxyScrape,2025-06-17T14:56:49
socks4,8.213.128.90:6969,11491,False,N/A,N/A,ProxyScrape,2025-06-17T15:10:28
socks4,154.66.108.52:3629,11720,False,N/A,N/A,GeonodeAPI,2025-06-17T15:15:03
http,47.91.89.3:35,11762,False,N/A,N/A,TheSpeedX-GitHub,2025-06-17T15:12:43
http,162.240.19.30:80,13578,False,N/A,N/A,ProxyScrape,2025-06-17T14:56:15
http,154.65.39.7:80,14100,False,N/A,N/A,ProxyScrape,2025-06-17T15:09:55
socks4,163.172.190.59:16379,15384,False,N/A,N/A,TheSpeedX-GitHub,2025-06-17T15:13:21
http,139.255.94.122:39635,15508,False,N/A,N/A,Jetkai-GitHub,2025-06-17T15:05:32
http,62.3.30.26:8080,15708,False,N/A,N/A,Jetkai-GitHub,2025-06-17T15:04:52
